id;title;description;s_3_urltovideo;created
1;meanwhile meanwhile ouch;continually;tarnish;2024-04-22
2;anenst despite;cradle lively;mention dust than;2024-04-22
3;about;oof;geez behest at;2024-04-22
4;supposing frigid knottily;eek subpoena;palatalise klap aside;2024-04-22
5;jungle;generously numeracy;irritably;2024-04-21
6;cauliflower labor oof;juicy as beneath;fearless;2024-04-22
7;knavishly author;campaign popular;that;2024-04-22
8;rarely pollutant;tensely;authorized irrigation;2024-04-22
9;where taste;acetate er ew;aboard;2024-04-22
10;ick clover;pfft free;urgently excitedly beatboxer;2024-04-22
